{
  "inputUnits": [34],
  "outputUnits": 9,
  "inputs": {
    "0": {
      "dtype": "number",
      "min": 239.61156748612103,
      "max": 501.42533714205376
    },
    "1": {
      "dtype": "number",
      "min": 7.628281292748355,
      "max": 230.10611033161325
    },
    "2": {
      "dtype": "number",
      "min": 250.9723648486898,
      "max": 514.2836307273301
    },
    "3": {
      "dtype": "number",
      "min": -4.878544788880106,
      "max": 198.62820020445588
    },
    "4": {
      "dtype": "number",
      "min": 230.26824654308274,
      "max": 494.71012575617095
    },
    "5": {
      "dtype": "number",
      "min": -3.0949624503169133,
      "max": 210.81902529942852
    },
    "6": {
      "dtype": "number",
      "min": 262.67310116541523,
      "max": 529.1630120778362
    },
    "7": {
      "dtype": "number",
      "min": 4.300016707483437,
      "max": 258.64768655383637
    },
    "8": {
      "dtype": "number",
      "min": 211.0699403517905,
      "max": 472.4646910433639
    },
    "9": {
      "dtype": "number",
      "min": 2.4797616209037585,
      "max": 261.5377237639075
    },
    "10": {
      "dtype": "number",
      "min": 278.86814330802355,
      "max": 590.4560608622629
    },
    "11": {
      "dtype": "number",
      "min": 74.30357461773468,
      "max": 520.9365957534731
    },
    "12": {
      "dtype": "number",
      "min": 124.93266658560312,
      "max": 423.10340851661294
    },
    "13": {
      "dtype": "number",
      "min": 70.61247888706075,
      "max": 521.596768152853
    },
    "14": {
      "dtype": "number",
      "min": 296.1358618829037,
      "max": 668.4641512265929
    },
    "15": {
      "dtype": "number",
      "min": 62.37477462115456,
      "max": 568.7900801484224
    },
    "16": {
      "dtype": "number",
      "min": 10.904472143269698,
      "max": 422.8119585207928
    },
    "17": {
      "dtype": "number",
      "min": 52.90101760092412,
      "max": 580.4491356281919
    },
    "18": {
      "dtype": "number",
      "min": 276.6306619607057,
      "max": 657.1080201145276
    },
    "19": {
      "dtype": "number",
      "min": 50.94991958558791,
      "max": 565.1064831922954
    },
    "20": {
      "dtype": "number",
      "min": 31.00421237574477,
      "max": 465.60430029486866
    },
    "21": {
      "dtype": "number",
      "min": 43.86136333302301,
      "max": 572.5864597424459
    },
    "22": {
      "dtype": "number",
      "min": 254.8651598028636,
      "max": 518.801944153782
    },
    "23": {
      "dtype": "number",
      "min": 209.2673738828429,
      "max": 557.9868987191048
    },
    "24": {
      "dtype": "number",
      "min": 159.67460995982128,
      "max": 362.6396250446483
    },
    "25": {
      "dtype": "number",
      "min": 196.20171394793442,
      "max": 573.115500364786
    },
    "26": {
      "dtype": "number",
      "min": 263.6847458182606,
      "max": 530.18826614558
    },
    "27": {
      "dtype": "number",
      "min": 276.2593761399562,
      "max": 566.0081606616307
    },
    "28": {
      "dtype": "number",
      "min": 140.26384643079706,
      "max": 385.2571741245136
    },
    "29": {
      "dtype": "number",
      "min": 226.18568271978359,
      "max": 553.0251715990356
    },
    "30": {
      "dtype": "number",
      "min": 275.0192605103964,
      "max": 513.5186788358577
    },
    "31": {
      "dtype": "number",
      "min": 354.3015538672065,
      "max": 564.6580558806542
    },
    "32": {
      "dtype": "number",
      "min": 140.7839787702152,
      "max": 365.46586211089493
    },
    "33": {
      "dtype": "number",
      "min": 211.86261010077214,
      "max": 569.2549637968903
    }
  },
  "outputs": {
    "0": {
      "dtype": "string",
      "min": 0,
      "max": 1,
      "uniqueValues": [
        "prikaz",
        "spider",
        "lastochka",
        "balakai",
        "kolkoteru",
        "dubstep",
        "breakdance",
        "zvezda",
        ""
      ],
      "legend": {
        "prikaz": [1, 0, 0, 0, 0, 0, 0, 0, 0],
        "spider": [0, 1, 0, 0, 0, 0, 0, 0, 0],
        "lastochka": [0, 0, 1, 0, 0, 0, 0, 0, 0],
        "balakai": [0, 0, 0, 1, 0, 0, 0, 0, 0],
        "kolkoteru": [0, 0, 0, 0, 1, 0, 0, 0, 0],
        "dubstep": [0, 0, 0, 0, 0, 1, 0, 0, 0],
        "breakdance": [0, 0, 0, 0, 0, 0, 1, 0, 0],
        "zvezda": [0, 0, 0, 0, 0, 0, 0, 1, 0],
        "": [0, 0, 0, 0, 0, 0, 0, 0, 1]
      }
    }
  },
  "isNormalized": true
}
